{
    "cpu_cycles_pass2_start": 129818495442420,
    "cycles_program_begin": 129818061251561,
    "PEModules": [],
    "NameTable": {
        "std": [
            "std",
            "reYIK",
            "module",
            1
        ],
        "...MASTER...": [
            "SIM",
            "amcQw",
            "module",
            6
        ],
        "csa_adder_3i_32b": [
            "csa_adder_3i_32b",
            "NBINH",
            "module",
            2
        ],
        "sm3_pad_core": [
            "sm3_pad_core",
            "m6wa5",
            "module",
            5
        ],
        "sm3_cmprss_core_0000": [
            "sm3_cmprss_core_0000",
            "gsWfQ",
            "module",
            7
        ],
        "sm3_expnd_core": [
            "sm3_expnd_core",
            "TmFWf",
            "module",
            4
        ],
        "sm3_if": [
            "sm3_if",
            "Bb7Uv",
            "module",
            8
        ],
        "tb_sm3_core_top": [
            "tb_sm3_core_top",
            "i2DJn",
            "module",
            9
        ]
    },
    "CompileStrategy": "fullobj",
    "stat": {
        "ru_self_cgstart": {
            "ru_utime_sec": 0.087393999999999999,
            "ru_stime_sec": 0.040420999999999999,
            "ru_maxrss_kb": 82304,
            "ru_minflt": 26844,
            "ru_majflt": 0,
            "ru_nivcsw": 11,
            "ru_nvcsw": 32
        },
        "ru_childs_cgstart": {
            "ru_utime_sec": 0.012774000000000001,
            "ru_stime_sec": 0.029291000000000001,
            "ru_maxrss_kb": 28160,
            "ru_minflt": 10147,
            "ru_majflt": 0,
            "ru_nivcsw": 20,
            "ru_nvcsw": 25
        },
        "outputSizePerQuad": 36.740690817186184,
        "realTime": 0.22871279716491699,
        "ru_self_end": {
            "ru_utime_sec": 0.14961099999999999,
            "ru_stime_sec": 0.052922999999999998,
            "ru_maxrss_kb": 94020,
            "ru_minflt": 31317,
            "ru_majflt": 0,
            "ru_nivcsw": 15,
            "ru_nvcsw": 33
        },
        "mopSpeed": 317421.28357201413,
        "nQuads": 5935,
        "cpu_cycles_cgstart": 129818495498853,
        "nMops": 19749,
        "quadSpeed": 95391.934680232094,
        "ru_childs_end": {
            "ru_utime_sec": 0.012774000000000001,
            "ru_stime_sec": 0.032308999999999997,
            "ru_maxrss_kb": 28532,
            "ru_minflt": 10745,
            "ru_majflt": 0,
            "ru_nivcsw": 22,
            "ru_nvcsw": 26
        },
        "totalObjSize": 218056,
        "cpu_cycles_end": 129818743897170,
        "cpu_cycles_total": 682645609,
        "mop/quad": 3.3275484414490313,
        "Frontend(%)": 61.685500508051852,
        "CodeGen(%)": 38.314499491948141,
        "peak_mem_kb": 288320
    },
    "perf": [
        {
            "stat": [
                "main",
                "entry",
                0.014851808547973633,
                0.029382999999999999,
                0.012593,
                211368,
                211368,
                0.0,
                0.0,
                1687398551.6740179,
                129818061505198
            ],
            "sub": [
                {
                    "stat": [
                        "doParsingAndDesignResolution",
                        "entry",
                        0.025447845458984375,
                        0.03015,
                        0.020792999999999999,
                        267244,
                        268044,
                        0.0,
                        0.0,
                        1687398551.6846139,
                        129818095282405
                    ],
                    "sub": []
                },
                {
                    "stat": [
                        "doParsingAndDesignResolution",
                        "exit",
                        0.037298917770385742,
                        0.041145000000000001,
                        0.021621999999999999,
                        268304,
                        268952,
                        0.0,
                        0.0,
                        1687398551.696465,
                        129818133137494
                    ],
                    "sub": []
                },
                {
                    "stat": [
                        "doPostDesignResolutionToVir2Vcs",
                        "entry",
                        0.037647008895874023,
                        0.041387,
                        0.021728000000000001,
                        268304,
                        268952,
                        0.0,
                        0.0,
                        1687398551.6968131,
                        129818134286030
                    ],
                    "sub": [
                        {
                            "stat": [
                                "doUptoVir2VcsNoSepCleanup",
                                "entry",
                                0.045267820358276367,
                                0.045994,
                                0.024715000000000001,
                                269640,
                                273580,
                                0.0,
                                0.0,
                                1687398551.7044339,
                                129818158541326
                            ],
                            "sub": []
                        },
                        {
                            "stat": [
                                "doUptoVir2VcsNoSepCleanup",
                                "exit",
                                0.12185096740722656,
                                0.083195000000000005,
                                0.036975000000000001,
                                287872,
                                287896,
                                0.0020339999999999998,
                                0.018357999999999999,
                                1687398551.7810171,
                                129818403015855
                            ],
                            "sub": []
                        },
                        {
                            "stat": [
                                "doRadify_vir2vcsAll",
                                "entry",
                                0.12191390991210938,
                                0.083239999999999995,
                                0.036995,
                                287872,
                                287896,
                                0.0020339999999999998,
                                0.018357999999999999,
                                1687398551.78108,
                                129818403161800
                            ],
                            "sub": []
                        },
                        {
                            "stat": [
                                "doRadify_vir2vcsAll",
                                "exit",
                                0.12706995010375977,
                                0.087354000000000001,
                                0.038024000000000002,
                                287872,
                                287896,
                                0.0020339999999999998,
                                0.018357999999999999,
                                1687398551.786236,
                                129818419663314
                            ],
                            "sub": []
                        }
                    ]
                },
                {
                    "stat": [
                        "doPostDesignResolutionToVir2Vcs",
                        "exit",
                        0.1271059513092041,
                        0.087378999999999998,
                        0.038034999999999999,
                        287872,
                        287896,
                        0.0020339999999999998,
                        0.018357999999999999,
                        1687398551.786272,
                        129818419731103
                    ],
                    "sub": []
                },
                {
                    "stat": [
                        "doGAToPass2",
                        "entry",
                        0.12712693214416504,
                        0.087393999999999999,
                        0.038041999999999999,
                        287872,
                        287896,
                        0.0020339999999999998,
                        0.018357999999999999,
                        1687398551.786293,
                        129818419794242
                    ],
                    "sub": [
                        {
                            "stat": [
                                "DoPass2",
                                "entry",
                                0.15079998970031738,
                                0.087393999999999999,
                                0.040363000000000003,
                                286316,
                                287896,
                                0.012774000000000001,
                                0.029291000000000001,
                                1687398551.8099661,
                                129818495430309
                            ],
                            "sub": []
                        },
                        {
                            "stat": [
                                "DoPass2",
                                "exit",
                                0.22475290298461914,
                                0.14768700000000001,
                                0.050925999999999999,
                                288292,
                                288320,
                                0.012774000000000001,
                                0.032308999999999997,
                                1687398551.883919,
                                129818731499616
                            ],
                            "sub": []
                        }
                    ]
                },
                {
                    "stat": [
                        "doGAToPass2",
                        "exit",
                        0.22812199592590332,
                        0.149203,
                        0.052779,
                        288292,
                        288320,
                        0.012774000000000001,
                        0.032308999999999997,
                        1687398551.8872881,
                        129818742306387
                    ],
                    "sub": []
                }
            ]
        },
        {
            "stat": [
                "main",
                "exit",
                0.22861385345458984,
                0.14956700000000001,
                0.052907999999999997,
                288284,
                288320,
                0.012774000000000001,
                0.032308999999999997,
                1687398551.88778,
                129818743794285
            ],
            "sub": []
        }
    ],
    "LVLData": [
        "SIM"
    ],
    "MlibObjs": {},
    "PrevCompiledModules": {
        "...MASTER...": {
            "amcQw_d": {
                "out": "objs/amcQw_d.o",
                "bytes": 7914,
                "mod": "...MASTER...",
                "mode": 4,
                "checksum": 0
            }
        },
        "csa_adder_3i_32b": {
            "NBINH_d": {
                "out": "NBINH_d.o",
                "bytes": 13348,
                "mod": "csa_adder_3i_32b",
                "mode": 4,
                "checksum": 0,
                "archive": "archive.16/_prev_archive_1.a"
            }
        },
        "std": {
            "reYIK_d": {
                "out": "reYIK_d.o",
                "bytes": 35164,
                "mod": "std",
                "mode": 4,
                "checksum": 0,
                "archive": "archive.16/_prev_archive_1.a"
            }
        },
        "tb_sm3_core_top": {
            "i2DJn_d": {
                "out": "i2DJn_d.o",
                "bytes": 40398,
                "mod": "tb_sm3_core_top",
                "mode": 4,
                "checksum": 0,
                "archive": "archive.16/_46101_archive_1.a"
            }
        },
        "sm3_if": {
            "Bb7Uv_d": {
                "out": "Bb7Uv_d.o",
                "bytes": 9126,
                "mod": "sm3_if",
                "mode": 4,
                "checksum": 0,
                "archive": "archive.16/_prev_archive_1.a"
            }
        },
        "sm3_cmprss_core_0000": {
            "gsWfQ_d": {
                "out": "gsWfQ_d.o",
                "bytes": 52614,
                "mod": "sm3_cmprss_core_0000",
                "mode": 4,
                "checksum": 0,
                "archive": "archive.16/_46101_archive_1.a"
            }
        },
        "sm3_pad_core": {
            "m6wa5_d": {
                "out": "m6wa5_d.o",
                "bytes": 26454,
                "mod": "sm3_pad_core",
                "mode": 4,
                "checksum": 0,
                "archive": "archive.16/_prev_archive_1.a"
            }
        },
        "sm3_expnd_core": {
            "TmFWf_d": {
                "out": "TmFWf_d.o",
                "bytes": 28554,
                "mod": "sm3_expnd_core",
                "mode": 4,
                "checksum": 0,
                "archive": "archive.16/_prev_archive_1.a"
            }
        }
    },
    "CurCompileUdps": {},
    "SIMBData": {
        "bytes": 110448,
        "out": "amcQwB.o",
        "text": 0,
        "archive": "archive.16/_46101_archive_1.a"
    },
    "incremental": "on",
    "CompileStatus": "Successful",
    "CurCompileModules": [
        "...MASTER...",
        "...MASTER...",
        "std",
        "csa_adder_3i_32b",
        "sm3_cmprss_core_0000",
        "sm3_cmprss_core_0000",
        "sm3_expnd_core",
        "sm3_pad_core",
        "sm3_if",
        "tb_sm3_core_top",
        "tb_sm3_core_top"
    ],
    "CompileProcesses": [
        "cgproc.46101.json"
    ],
    "Misc": {
        "vcs_version": "O-2018.09-1_Full64",
        "VCS_HOME": "/home/synopsys/vcs-mx/O-2018.09-1",
        "cwd": "/home/ICer/sm3",
        "vcs_build_date": "Build Date = Oct 12 2018 20:38:10",
        "archive_dir": "archive.16",
        "csrc_abs": "/home/ICer/sm3/csrc",
        "master_pid": 46101,
        "hostname": "IC_EDA",
        "default_output_dir": "csrc",
        "csrc": "csrc",
        "daidir": "simv.daidir",
        "daidir_abs": "/home/ICer/sm3/simv.daidir"
    },
    "rlimit": {
        "data": -1,
        "stack": -1
    }
}