{
    "cycles_program_begin": 132384439458297,
    "PEModules": [],
    "Misc": {
        "vcs_version": "O-2018.09-1_Full64",
        "daidir_abs": "/home/ICer/sm3/simv.daidir",
        "vcs_build_date": "Build Date = Oct 12 2018 20:38:10",
        "csrc_abs": "/home/ICer/sm3/csrc",
        "daidir": "simv.daidir",
        "hostname": "IC_EDA",
        "archive_dir": "archive.17",
        "master_pid": 49924,
        "VCS_HOME": "/home/synopsys/vcs-mx/O-2018.09-1",
        "default_output_dir": "csrc",
        "cwd": "/home/ICer/sm3",
        "csrc": "csrc"
    },
    "PrevCompiledModules": {
        "...MASTER...": {
            "amcQw_d": {
                "bytes": 7914,
                "mod": "...MASTER...",
                "out": "objs/amcQw_d.o",
                "checksum": 0,
                "mode": 4
            }
        },
        "csa_adder_3i_32b": {
            "NBINH_d": {
                "bytes": 13348,
                "archive": "archive.17/_prev_archive_1.a",
                "mod": "csa_adder_3i_32b",
                "checksum": 0,
                "mode": 4,
                "out": "NBINH_d.o"
            }
        },
        "std": {
            "reYIK_d": {
                "bytes": 35164,
                "archive": "archive.17/_prev_archive_1.a",
                "mod": "std",
                "checksum": 0,
                "mode": 4,
                "out": "reYIK_d.o"
            }
        },
        "sm3_if": {
            "Bb7Uv_d": {
                "bytes": 9126,
                "archive": "archive.17/_49924_archive_1.a",
                "mod": "sm3_if",
                "checksum": 0,
                "mode": 4,
                "out": "Bb7Uv_d.o"
            }
        },
        "tb_sm3_core_top": {
            "i2DJn_d": {
                "bytes": 47080,
                "archive": "archive.17/_49924_archive_1.a",
                "mod": "tb_sm3_core_top",
                "out": "i2DJn_d.o",
                "checksum": 0,
                "mode": 4
            }
        },
        "sm3_pad_core": {
            "m6wa5_d": {
                "bytes": 26454,
                "archive": "archive.17/_49924_archive_1.a",
                "mod": "sm3_pad_core",
                "checksum": 0,
                "mode": 4,
                "out": "m6wa5_d.o"
            }
        },
        "sm3_cmprss_core_0000": {
            "gsWfQ_d": {
                "bytes": 52614,
                "archive": "archive.17/_49924_archive_1.a",
                "mod": "sm3_cmprss_core_0000",
                "out": "gsWfQ_d.o",
                "checksum": 0,
                "mode": 4
            }
        },
        "sm3_expnd_core": {
            "TmFWf_d": {
                "bytes": 28554,
                "archive": "archive.17/_49924_archive_1.a",
                "mod": "sm3_expnd_core",
                "checksum": 0,
                "mode": 4,
                "out": "TmFWf_d.o"
            }
        }
    },
    "perf": [
        {
            "sub": [
                {
                    "sub": [],
                    "stat": [
                        "doParsingAndDesignResolution",
                        "entry",
                        0.025933980941772461,
                        0.036429000000000003,
                        0.015442000000000001,
                        267244,
                        268044,
                        0.0,
                        0.0,
                        1687399355.6881919,
                        132384476752889
                    ]
                },
                {
                    "sub": [],
                    "stat": [
                        "doParsingAndDesignResolution",
                        "exit",
                        0.039772987365722656,
                        0.049052999999999999,
                        0.016351000000000001,
                        268308,
                        268956,
                        0.0,
                        0.0,
                        1687399355.7020309,
                        132384520967818
                    ]
                },
                {
                    "sub": [
                        {
                            "sub": [],
                            "stat": [
                                "doUptoVir2VcsNoSepCleanup",
                                "entry",
                                0.049746990203857422,
                                0.056009999999999997,
                                0.019348000000000001,
                                269616,
                                273716,
                                0.0,
                                0.0,
                                1687399355.7120049,
                                132384552794559
                            ]
                        },
                        {
                            "sub": [],
                            "stat": [
                                "doUptoVir2VcsNoSepCleanup",
                                "exit",
                                0.13076615333557129,
                                0.1024,
                                0.036729999999999999,
                                287884,
                                287908,
                                0.0065690000000000002,
                                0.0095180000000000004,
                                1687399355.7930241,
                                132384811402300
                            ]
                        },
                        {
                            "sub": [],
                            "stat": [
                                "doRadify_vir2vcsAll",
                                "entry",
                                0.13083219528198242,
                                0.10245,
                                0.036748000000000003,
                                287884,
                                287908,
                                0.0065690000000000002,
                                0.0095180000000000004,
                                1687399355.7930901,
                                132384811550402
                            ]
                        },
                        {
                            "sub": [],
                            "stat": [
                                "doRadify_vir2vcsAll",
                                "exit",
                                0.13680815696716309,
                                0.105266,
                                0.039890000000000002,
                                287884,
                                287908,
                                0.0065690000000000002,
                                0.0095180000000000004,
                                1687399355.7990661,
                                132384830742322
                            ]
                        }
                    ],
                    "stat": [
                        "doPostDesignResolutionToVir2Vcs",
                        "entry",
                        0.040109157562255859,
                        0.049305000000000002,
                        0.016435000000000002,
                        268308,
                        268956,
                        0.0,
                        0.0,
                        1687399355.7023671,
                        132384521996433
                    ]
                },
                {
                    "sub": [],
                    "stat": [
                        "doPostDesignResolutionToVir2Vcs",
                        "exit",
                        0.13686919212341309,
                        0.105312,
                        0.039906999999999998,
                        287884,
                        287908,
                        0.0065690000000000002,
                        0.0095180000000000004,
                        1687399355.7991271,
                        132384830819283
                    ]
                },
                {
                    "sub": [
                        {
                            "sub": [],
                            "stat": [
                                "DoPass2",
                                "entry",
                                0.16054201126098633,
                                0.105924,
                                0.041928,
                                286328,
                                287908,
                                0.016687,
                                0.020070999999999999,
                                1687399355.8227999,
                                132384906457816
                            ]
                        },
                        {
                            "sub": [],
                            "stat": [
                                "DoPass2",
                                "exit",
                                0.2600400447845459,
                                0.184642,
                                0.060139999999999999,
                                288304,
                                288332,
                                0.017885999999999999,
                                0.021270000000000001,
                                1687399355.922298,
                                132385224031045
                            ]
                        }
                    ],
                    "stat": [
                        "doGAToPass2",
                        "entry",
                        0.13689112663269043,
                        0.105327,
                        0.039912999999999997,
                        287884,
                        287908,
                        0.0065690000000000002,
                        0.0095180000000000004,
                        1687399355.799149,
                        132384830882841
                    ]
                },
                {
                    "sub": [],
                    "stat": [
                        "doGAToPass2",
                        "exit",
                        0.2630610466003418,
                        0.185589,
                        0.062213999999999998,
                        288304,
                        288332,
                        0.017885999999999999,
                        0.021270000000000001,
                        1687399355.925319,
                        132385233671437
                    ]
                }
            ],
            "stat": [
                "main",
                "entry",
                0.014312982559204102,
                0.033478000000000001,
                0.010145,
                211368,
                211368,
                0.0,
                0.0,
                1687399355.6765709,
                132384439711879
            ]
        },
        {
            "sub": [],
            "stat": [
                "main",
                "exit",
                0.26367616653442383,
                0.18604999999999999,
                0.062369000000000001,
                288296,
                288332,
                0.017885999999999999,
                0.021270000000000001,
                1687399355.9259341,
                132385235638590
            ]
        }
    ],
    "CurCompileUdps": {},
    "NameTable": {
        "std": [
            "std",
            "reYIK",
            "module",
            1
        ],
        "csa_adder_3i_32b": [
            "csa_adder_3i_32b",
            "NBINH",
            "module",
            2
        ],
        "sm3_cmprss_ceil_comb": [
            "sm3_cmprss_ceil_comb",
            "Dq78T",
            "module",
            3
        ],
        "sm3_if": [
            "sm3_if",
            "Bb7Uv",
            "module",
            8
        ],
        "tb_sm3_core_top": [
            "tb_sm3_core_top",
            "i2DJn",
            "module",
            9
        ],
        "sm3_cmprss_core_0000": [
            "sm3_cmprss_core_0000",
            "gsWfQ",
            "module",
            7
        ],
        "sm3_expnd_core": [
            "sm3_expnd_core",
            "TmFWf",
            "module",
            4
        ],
        "sm3_pad_core": [
            "sm3_pad_core",
            "m6wa5",
            "module",
            5
        ],
        "...MASTER...": [
            "SIM",
            "amcQw",
            "module",
            6
        ]
    },
    "MlibObjs": {},
    "stat": {
        "ru_self_cgstart": {
            "ru_nivcsw": 13,
            "ru_utime_sec": 0.10596899999999999,
            "ru_majflt": 0,
            "ru_maxrss_kb": 82324,
            "ru_stime_sec": 0.041945999999999997,
            "ru_minflt": 26980,
            "ru_nvcsw": 30
        },
        "totalObjSize": 318714,
        "nMops": 19156,
        "cpu_cycles_cgstart": 132384906531832,
        "nQuads": 5113,
        "ru_childs_cgstart": {
            "ru_nivcsw": 11,
            "ru_utime_sec": 0.016687,
            "ru_majflt": 0,
            "ru_maxrss_kb": 28192,
            "ru_stime_sec": 0.020070999999999999,
            "ru_minflt": 10147,
            "ru_nvcsw": 24
        },
        "ru_self_end": {
            "ru_nivcsw": 21,
            "ru_utime_sec": 0.18610199999999999,
            "ru_majflt": 0,
            "ru_maxrss_kb": 94564,
            "ru_stime_sec": 0.062385999999999997,
            "ru_minflt": 31592,
            "ru_nvcsw": 31
        },
        "mopSpeed": 235528.45128608661,
        "CodeGen(%)": 39.870972802321717,
        "mop/quad": 3.7465284568746333,
        "ru_childs_end": {
            "ru_nivcsw": 13,
            "ru_utime_sec": 0.017885999999999999,
            "ru_majflt": 0,
            "ru_maxrss_kb": 28564,
            "ru_stime_sec": 0.021270000000000001,
            "ru_minflt": 10745,
            "ru_nvcsw": 25
        },
        "cpu_cycles_end": 132385235764583,
        "outputSizePerQuad": 62.334050459612754,
        "cpu_cycles_total": 796306286,
        "quadSpeed": 62865.784684994826,
        "Frontend(%)": 60.12902719767829,
        "peak_mem_kb": 288332,
        "realTime": 0.26377606391906738
    },
    "CompileStrategy": "fullobj",
    "CompileProcesses": [
        "cgproc.49924.json"
    ],
    "cpu_cycles_pass2_start": 132384906470418,
    "SIMBData": {
        "out": "amcQwB.o",
        "text": 0,
        "bytes": 111496,
        "archive": "archive.17/_49924_archive_1.a"
    },
    "CurCompileModules": [
        "...MASTER...",
        "...MASTER...",
        "std",
        "csa_adder_3i_32b",
        "sm3_cmprss_ceil_comb",
        "sm3_cmprss_ceil_comb",
        "sm3_cmprss_core_0000",
        "sm3_cmprss_core_0000",
        "sm3_expnd_core",
        "sm3_expnd_core",
        "sm3_pad_core",
        "sm3_pad_core",
        "sm3_if",
        "sm3_if",
        "tb_sm3_core_top",
        "tb_sm3_core_top"
    ],
    "incremental": "on",
    "LVLData": [
        "SIM"
    ],
    "rlimit": {
        "data": -1,
        "stack": -1
    },
    "CompileStatus": "Successful"
}