{
    "Modules": {
        "csa_adder_3i_32b": {
            "start_perf": [
                0.16942715644836426,
                0.109475,
                0.044885000000000001,
                287332,
                287908,
                1687399355.8316851,
                132384934740508
            ],
            "child_modules": {},
            "nMops": 1049,
            "nQuads": 118,
            "Compiled": "Yes",
            "Compiled Times": 18,
            "end_perf": [
                0.17096900939941406,
                0.110112,
                0.045789000000000003,
                287332,
                287908,
                132384939697054,
                17179869185,
                0
            ],
            "nRouts": 10
        },
        "...MASTER...": {
            "start_perf": [
                0.16063618659973145,
                0.105992,
                0.041954999999999999,
                286328,
                287908,
                1687399355.8228941,
                132384906682997
            ],
            "child_modules": {
                "csa_adder_3i_32b": 1,
                "std": 1,
                "tb_sm3_core_top": 1
            },
            "end_perf": [
                0.1667180061340332,
                0.106919,
                0.044731,
                287320,
                287908,
                132384926148876,
                0,
                0
            ],
            "nMops": 0,
            "nQuads": 0,
            "nRouts": 5
        },
        "std": {
            "start_perf": [
                0.16682600975036621,
                0.10699500000000001,
                0.044762999999999997,
                287320,
                287908,
                1687399355.8290839,
                132384926457679
            ],
            "child_modules": {},
            "nMops": 462,
            "Compiled": "Yes",
            "svclass": [
                "$vcs_nba_dyn_obj",
                0,
                37,
                2,
                2,
                0,
                "sigprop$$",
                0,
                37,
                2,
                2,
                0,
                "process",
                0,
                184,
                8,
                8,
                0,
                "event",
                0,
                36,
                2,
                2,
                0,
                "mailbox",
                0,
                99,
                9,
                9,
                0,
                "semaphore",
                0,
                69,
                5,
                5,
                0
            ],
            "nQuads": 213,
            "Compiled Times": 18,
            "end_perf": [
                0.16938614845275879,
                0.109446,
                0.044872000000000002,
                287332,
                287908,
                132384934641597,
                8589934594,
                0
            ],
            "nRouts": 33
        },
        "tb_sm3_core_top": {
            "start_perf": [
                0.24051809310913086,
                0.16897200000000001,
                0.056323999999999999,
                288308,
                288332,
                1687399355.902776,
                132385161660709
            ],
            "child_modules": {
                "sm3_if": 2,
                "sm3_pad_core": 1,
                "sm3_cmprss_core_0000": 1,
                "sm3_expnd_core": 1
            },
            "nMops": 3385,
            "Compiled": "Yes",
            "nQuads": 1152,
            "Compiled Times": 13,
            "significant_routs": [
                [
                    2,
                    "U_VCSgd_i2DJn_2",
                    5547777,
                    2689,
                    653
                ],
                [
                    34,
                    "F_VCSgd_i2DJn_6_0",
                    4907134,
                    3635,
                    581
                ]
            ],
            "end_perf": [
                0.25771403312683105,
                0.18423800000000001,
                0.058236000000000003,
                288308,
                288332,
                132385216617276,
                51539607553,
                0
            ],
            "nRouts": 98
        },
        "sm3_cmprss_ceil_comb": {
            "start_perf": [
                0.17100405693054199,
                0.110137,
                0.045798999999999999,
                287332,
                287908,
                1687399355.833262,
                132384939772864
            ],
            "child_modules": {},
            "nMops": 5453,
            "Compiled": "Yes",
            "nQuads": 1114,
            "Compiled Times": 1,
            "significant_routs": [
                [
                    39,
                    "R_VCSgd_Dq78T_27",
                    2521220,
                    2019,
                    376
                ],
                [
                    52,
                    "R_VCSgd_Dq78T_34",
                    7488013,
                    6515,
                    1215
                ]
            ],
            "end_perf": [
                0.19850897789001465,
                0.132689,
                0.050701999999999997,
                288308,
                288312,
                132385027626213,
                25769803777,
                0
            ],
            "nRouts": 57
        },
        "sm3_if": {
            "start_perf": [
                0.23834705352783203,
                0.16788500000000001,
                0.055252999999999997,
                288308,
                288332,
                1687399355.900605,
                132385154734067
            ],
            "child_modules": {},
            "nMops": 134,
            "nQuads": 36,
            "Compiled": "Yes",
            "Compiled Times": 13,
            "end_perf": [
                0.24046802520751953,
                0.168934,
                0.056311,
                288308,
                288332,
                132385161571228,
                42949672961,
                0
            ],
            "nRouts": 12
        },
        "sm3_cmprss_core_0000": {
            "start_perf": [
                0.19855618476867676,
                0.13272300000000001,
                0.050715000000000003,
                288308,
                288312,
                1687399355.8608141,
                132385027720077
            ],
            "child_modules": {
                "sm3_cmprss_ceil_comb": 2
            },
            "nMops": 2418,
            "Compiled": "Yes",
            "nQuads": 764,
            "Compiled Times": 13,
            "significant_routs": [
                [
                    9,
                    "R_VCSgd_gsWfQ_9",
                    2423458,
                    2281,
                    512
                ]
            ],
            "end_perf": [
                0.21067714691162109,
                0.142896,
                0.052645999999999998,
                288308,
                288332,
                132385066486663,
                30064771073,
                0
            ],
            "nRouts": 60
        },
        "sm3_expnd_core": {
            "start_perf": [
                0.21073007583618164,
                0.14293400000000001,
                0.052659999999999998,
                288308,
                288332,
                1687399355.872988,
                132385066580839
            ],
            "child_modules": {},
            "nMops": 3563,
            "Compiled": "Yes",
            "nQuads": 1022,
            "Compiled Times": 18,
            "significant_routs": [
                [
                    5,
                    "R_VCSgd_TmFWf_5",
                    2470170,
                    1865,
                    417
                ],
                [
                    11,
                    "R_VCSgd_TmFWf_b",
                    3113702,
                    2017,
                    556
                ]
            ],
            "end_perf": [
                0.2258760929107666,
                0.15721199999999999,
                0.053473,
                288308,
                288332,
                132385115010429,
                34359738369,
                0
            ],
            "nRouts": 68
        },
        "sm3_pad_core": {
            "start_perf": [
                0.22593307495117188,
                0.157254,
                0.053488000000000001,
                288308,
                288332,
                1687399355.888191,
                132385115110304
            ],
            "child_modules": {},
            "nMops": 2692,
            "Compiled": "Yes",
            "nQuads": 694,
            "Compiled Times": 18,
            "significant_routs": [
                [
                    5,
                    "R_VCSgd_m6wa5_5",
                    2421263,
                    1755,
                    412
                ]
            ],
            "end_perf": [
                0.23830199241638184,
                0.167851,
                0.055241999999999999,
                288308,
                288332,
                132385154642077,
                38654705665,
                0
            ],
            "nRouts": 50
        }
    },
    "CompUnits": {
        "TmFWf_d": {
            "archive": "archive.17/_49924_archive_1.a",
            "mod": "sm3_expnd_core",
            "out": "TmFWf_d.o",
            "text": 16234,
            "bytes": 32420,
            "checksum": 0,
            "mode": 4
        },
        "gsWfQ_d": {
            "archive": "archive.17/_49924_archive_1.a",
            "mod": "sm3_cmprss_core_0000",
            "out": "gsWfQ_d.o",
            "text": 12307,
            "bytes": 28408,
            "checksum": 0,
            "mode": 4
        },
        "amcQw_d": {
            "mod": "...MASTER...",
            "out": "objs/amcQw_d.o",
            "text": 458,
            "bytes": 7914,
            "checksum": 0,
            "mode": 4
        },
        "Dq78T_d": {
            "archive": "archive.17/_49924_archive_1.a",
            "mod": "sm3_cmprss_ceil_comb",
            "out": "Dq78T_d.o",
            "text": 31031,
            "bytes": 48808,
            "checksum": 0,
            "mode": 4
        },
        "m6wa5_d": {
            "archive": "archive.17/_49924_archive_1.a",
            "mod": "sm3_pad_core",
            "out": "m6wa5_d.o",
            "text": 13503,
            "bytes": 27962,
            "checksum": 0,
            "mode": 4
        },
        "i2DJn_d": {
            "archive": "archive.17/_49924_archive_1.a",
            "mod": "tb_sm3_core_top",
            "out": "i2DJn_d.o",
            "text": 20602,
            "bytes": 52328,
            "checksum": 0,
            "mode": 4
        },
        "Bb7Uv_d": {
            "archive": "archive.17/_49924_archive_1.a",
            "mod": "sm3_if",
            "out": "Bb7Uv_d.o",
            "text": 1013,
            "bytes": 9378,
            "checksum": 0,
            "mode": 4
        }
    },
    "reusePaths": {
        "reYIK_d": {
            "icPath": "csrc"
        },
        "NBINH_d": {
            "icPath": "csrc"
        }
    },
    "ObjArchives": [
        {
            "size": 310800,
            "archive": "archive.17/_49924_archive_1.a",
            "objects": [
                [
                    "Dq78T_d.o",
                    48808
                ],
                [
                    "gsWfQ_d.o",
                    28408
                ],
                [
                    "TmFWf_d.o",
                    32420
                ],
                [
                    "m6wa5_d.o",
                    27962
                ],
                [
                    "Bb7Uv_d.o",
                    9378
                ],
                [
                    "i2DJn_d.o",
                    52328
                ],
                [
                    "amcQwB.o",
                    111496
                ]
            ]
        }
    ],
    "stat": {
        "ru_self_end": {
            "ru_nivcsw": 21,
            "ru_utime_sec": 0.18568200000000001,
            "ru_majflt": 0,
            "ru_maxrss_kb": 94564,
            "ru_stime_sec": 0.062245000000000002,
            "ru_minflt": 31586,
            "ru_nvcsw": 31
        },
        "ru_childs_end": {
            "ru_nivcsw": 13,
            "ru_utime_sec": 0.017885999999999999,
            "ru_majflt": 0,
            "ru_maxrss_kb": 28564,
            "ru_stime_sec": 0.021270000000000001,
            "ru_minflt": 10745,
            "ru_nvcsw": 25
        },
        "cpu_cycles_end": 132385233980183,
        "peak_mem_kb": 288332
    }
}