{
    "std": [
        "std",
        "reYIK",
        "module",
        1
    ],
    "csa_adder_3i_32b": [
        "csa_adder_3i_32b",
        "NBINH",
        "module",
        2
    ],
    "sm3_cmprss_ceil_comb": [
        "sm3_cmprss_ceil_comb",
        "Dq78T",
        "module",
        3
    ],
    "sm3_if": [
        "sm3_if",
        "Bb7Uv",
        "module",
        8
    ],
    "tb_sm3_core_top": [
        "tb_sm3_core_top",
        "i2DJn",
        "module",
        9
    ],
    "sm3_cmprss_core_0000": [
        "sm3_cmprss_core_0000",
        "gsWfQ",
        "module",
        7
    ],
    "sm3_expnd_core": [
        "sm3_expnd_core",
        "TmFWf",
        "module",
        4
    ],
    "sm3_pad_core": [
        "sm3_pad_core",
        "m6wa5",
        "module",
        5
    ],
    "...MASTER...": [
        "SIM",
        "amcQw",
        "module",
        6
    ]
}